Id,Stage_Entered_Outreach__c
006VS00000YZstDYAT,2026-03-24T21:14:14.000Z
006VS00000VL1hJYAT,2026-03-17T23:55:40.000Z
006VS00000YMkevYAD,2026-03-17T18:14:19.000Z
006VS00000SAQCPYA5,2025-10-27T20:50:34.000Z
006VS00000VL1mmYAD,2026-02-13T20:24:29.000Z
006VS00000SA4NrYAL,2025-12-12T22:33:13.000Z
006VS00000VL1m7YAD,2026-03-19T20:57:23.000Z
006VS00000SA4NHYA1,2025-12-03T19:52:12.000Z
006VS00000VL1mGYAT,2026-02-18T23:45:44.000Z
006VS00000SA4NOYA1,2026-03-13T18:47:14.000Z
006VS00000Pp1gqYAB,2025-12-30T20:38:59.000Z
006VS00000OTD2TYAX,2026-03-21T18:04:19.000Z
006VS00000SA4P4YAL,2025-11-14T23:58:25.000Z
006VS00000SAU1vYAH,2025-11-24T17:41:44.000Z
006VS00000SA4PXYA1,2025-11-10T20:58:20.000Z
006VS00000SA4QBYA1,2025-11-12T22:46:13.000Z
006VS00000Pp1gkYAB,2025-12-03T00:15:08.000Z
006VS00000SA4P8YAL,2025-11-14T23:59:26.000Z
006VS00000VL1jHYAT,2026-02-13T17:51:10.000Z
006VS00000X4Gw3YAF,2026-02-13T00:41:16.000Z
006VS00000SA4NVYA1,2025-12-12T22:33:38.000Z
006VS00000X64HFYAZ,2026-02-13T18:15:18.000Z
006VS00000SA4NUYA1,2025-11-05T03:49:42.000Z
006VS00000X6H3BYAV,2026-02-18T22:29:09.000Z
006VS00000YN9wfYAD,2026-03-17T22:11:32.000Z
006VS00000SAU1nYAH,2026-02-27T21:12:02.000Z
006VS00000SA4OCYA1,2025-12-12T23:10:10.000Z
006VS00000X6HHhYAN,2026-02-18T22:06:32.000Z
006VS00000SbR19YAF,2025-11-11T19:46:16.000Z
006VS00000RvXirYAF,2025-10-30T19:47:04.000Z
006VS00000VL1hgYAD,2026-01-22T20:53:01.000Z
006VS00000SA4NiYAL,2025-11-14T22:00:24.000Z
006VS00000X5sHiYAJ,2026-02-13T18:17:44.000Z
006VS00000VL1SHYA1,2026-02-02T17:14:57.000Z
006VS00000XEgdtYAD,2026-03-02T22:35:03.000Z
006VS00000SA4NgYAL,2025-11-03T19:10:39.000Z
